id,amount,description,origin
d012da80-5e13-4cbd-945a-8cdba35c5ac2,54.144,mauris enim leo rhoncus sed vestibulum sit amet cursus id turpis integer aliquet,Digitube
53921bb0-5031-4dfe-b746-1dedd28158b8,19.073,consequat dui nec nisi volutpat eleifend donec ut dolor morbi,Reallinks
a84a4dc3-7b8e-4046-a1c9-2e36d9f696a3,9.181,nulla nisl nunc nisl duis bibendum felis sed interdum venenatis,Flipbug
6d62f06e-2703-47fb-88b3-cb40f8e90e7f,42.291,in hac habitasse platea dictumst morbi vestibulum velit id pretium iaculis,Youtags
d1117b41-3dce-4220-bead-6bcefebf331e,71.881,eros elementum pellentesque quisque porta volutpat erat quisque erat eros viverra,Brainsphere
37752c23-e422-4f22-87a5-db5ad6b922c2,21.652,vestibulum proin eu mi nulla ac enim in tempor turpis nec euismod scelerisque quam turpis adipiscing lorem vitae mattis,Mycat
6929a1c3-c876-4fd8-ba20-dae15a19ca0e,59.613,justo pellentesque viverra pede ac diam cras pellentesque volutpat dui maecenas tristique est et tempus,Wikibox
4e497405-94b5-4e60-bd84-559aa64a325f,3.813,ut suscipit a feugiat et eros vestibulum ac est lacinia nisi venenatis tristique fusce congue diam,Tazzy
e236ea66-1daa-401a-bb58-9825e62b2160,24.534,nascetur ridiculus mus vivamus vestibulum sagittis sapien cum sociis natoque penatibus,Blognation
317b8711-7018-4443-be85-059a89eae780,73.465,metus sapien ut nunc vestibulum ante ipsum primis in faucibus orci luctus et ultrices posuere,Yamia
2ab703aa-34a6-49b2-ae13-b4ed864fb8eb,52.773,quam pharetra magna ac consequat metus sapien ut nunc vestibulum ante ipsum primis in faucibus orci luctus et ultrices posuere,Jaxnation
09c284de-e6f0-49ad-b844-a6bbcbf131ee,92.847,amet turpis elementum ligula vehicula consequat morbi a ipsum integer a,Shufflester
22f89e50-82c1-45f2-adeb-5dd71a69fb46,52.882,est lacinia nisi venenatis tristique fusce congue diam id ornare imperdiet sapien urna pretium nisl ut volutpat sapien,Cogibox
e5684ff0-2b28-4eae-9614-68f82b1edf1d,14.131,nibh in lectus pellentesque at nulla suspendisse potenti cras in purus eu magna,Mybuzz
65cb64d5-7907-46e3-8d0e-7c2dbad91771,3.594,volutpat eleifend donec ut dolor morbi vel lectus in quam fringilla rhoncus mauris enim,Jabbertype
46284fbb-9ab4-44d5-8fd1-5ba5a475fa32,79.721,primis in faucibus orci luctus et ultrices posuere cubilia curae mauris viverra diam vitae quam,Eabox
336878fc-f3c5-4d54-99b1-0ab8a57f3db9,47.466,ante vestibulum ante ipsum primis in faucibus orci luctus et ultrices posuere cubilia curae duis faucibus accumsan odio curabitur convallis,Devbug
10f83203-9e3d-4102-bc45-a228256cc553,66.023,cubilia curae donec pharetra magna vestibulum aliquet ultrices erat tortor sollicitudin mi sit amet,Jayo
95c27ca2-79ff-40c3-a6c9-397a29e4038c,89.262,erat vestibulum sed magna at nunc commodo placerat praesent blandit,Gigashots
bd9aedcb-defb-4663-8ea5-8fbd2a635706,89.265,interdum mauris ullamcorper purus sit amet nulla quisque arcu libero rutrum ac,Topicblab
a113e3c6-93b9-4a49-ad01-ea15224a4656,63.43,ullamcorper augue a suscipit nulla elit ac nulla sed vel enim sit amet nunc viverra dapibus nulla,Minyx
4efcc149-a618-4ab4-9955-ad19f76a1bb4,29.636,cum sociis natoque penatibus et magnis dis parturient montes nascetur ridiculus,Jaloo
0a95b265-3874-4339-a1e6-a3bca67a05a5,69.471,porta volutpat quam pede lobortis ligula sit amet eleifend pede libero quis orci nullam molestie,Brainlounge
d384b6a4-5b3b-47e7-a3a7-580d518ea284,8.383,pretium nisl ut volutpat sapien arcu sed augue aliquam erat volutpat in congue etiam,Meembee
d1da0f16-7021-4c58-abff-28bcbca5cc95,49.564,lacus morbi sem mauris laoreet ut rhoncus aliquet pulvinar sed nisl nunc rhoncus dui vel sem sed sagittis nam congue,Jaloo
58cd34ba-4a8b-44a1-81cd-c3648ee7fac2,99.289,dignissim vestibulum vestibulum ante ipsum primis in faucibus orci luctus,Miboo
cb451ec2-ab9c-409a-8de0-3ed94e364967,3.661,rhoncus sed vestibulum sit amet cursus id turpis integer aliquet massa id lobortis convallis tortor risus dapibus augue,Edgeclub
6c981e21-768e-43a4-8372-b3bc4b21222a,6.088,pharetra magna ac consequat metus sapien ut nunc vestibulum ante ipsum primis in faucibus orci luctus,Yodel
4a9b1803-edad-45e0-ac27-9358f3dfe672,34.992,varius nulla facilisi cras non velit nec nisi vulputate nonummy maecenas tincidunt lacus at velit vivamus,Gigabox
405bc076-98d7-49a0-8ac7-73b2250e5811,86.157,curae mauris viverra diam vitae quam suspendisse potenti nullam porttitor,Meeveo
